<resources>
    <color name="md_theme_primary">#9C0700</color>
    <color name="md_theme_onPrimary">#FFFFFF</color>
    <color name="md_theme_primaryContainer">#C90C00</color>
    <color name="md_theme_onPrimaryContainer">#FFD9D2</color>
    <color name="md_theme_secondary">#5D5F5F</color>
    <color name="md_theme_onSecondary">#FFFFFF</color>
    <color name="md_theme_secondaryContainer">#FFFFFF</color>
    <color name="md_theme_onSecondaryContainer">#747676</color>
    <color name="md_theme_tertiary">#5D5E5F</color>
    <color name="md_theme_onTertiary">#FFFFFF</color>
    <color name="md_theme_tertiaryContainer">#C1C1C1</color>
    <color name="md_theme_onTertiaryContainer">#4E4F4F</color>
    <color name="md_theme_error">#4C0002</color>
    <color name="md_theme_onError">#FFFFFF</color>
    <color name="md_theme_errorContainer">#750006</color>
    <color name="md_theme_onErrorContainer">#FF7568</color>
    <color name="md_theme_background">#FFF8F6</color>
    <color name="md_theme_onBackground">#291714</color>
    <color name="md_theme_surface">#FFF8F6</color>
    <color name="md_theme_onSurface">#291714</color>
    <color name="md_theme_surfaceVariant">#FFDAD4</color>
    <color name="md_theme_onSurfaceVariant">#5D3F3A</color>
    <color name="md_theme_outline">#926F69</color>
    <color name="md_theme_outlineVariant">#E7BDB6</color>
    <color name="md_theme_scrim">#000000</color>
    <color name="md_theme_inverseSurface">#402B28</color>
    <color name="md_theme_inverseOnSurface">#FFEDEA</color>
    <color name="md_theme_inversePrimary">#FFB4A7</color>
    <color name="md_theme_primaryFixed">#FFDAD4</color>
    <color name="md_theme_onPrimaryFixed">#400100</color>
    <color name="md_theme_primaryFixedDim">#FFB4A7</color>
    <color name="md_theme_onPrimaryFixedVariant">#920600</color>
    <color name="md_theme_secondaryFixed">#E2E2E2</color>
    <color name="md_theme_onSecondaryFixed">#1A1C1C</color>
    <color name="md_theme_secondaryFixedDim">#C6C6C7</color>
    <color name="md_theme_onSecondaryFixedVariant">#454747</color>
    <color name="md_theme_tertiaryFixed">#E3E2E2</color>
    <color name="md_theme_onTertiaryFixed">#1A1C1C</color>
    <color name="md_theme_tertiaryFixedDim">#C6C6C6</color>
    <color name="md_theme_onTertiaryFixedVariant">#464747</color>
    <color name="md_theme_surfaceDim">#F4D3CD</color>
    <color name="md_theme_surfaceBright">#FFF8F6</color>
    <color name="md_theme_surfaceContainerLowest">#FFFFFF</color>
    <color name="md_theme_surfaceContainerLow">#FFF0EE</color>
    <color name="md_theme_surfaceContainer">#FFE9E5</color>
    <color name="md_theme_surfaceContainerHigh">#FFE2DD</color>
    <color name="md_theme_surfaceContainerHighest">#FDDBD5</color>
    <color name="md_theme_primary_mediumContrast">#730400</color>
    <color name="md_theme_onPrimary_mediumContrast">#FFFFFF</color>
    <color name="md_theme_primaryContainer_mediumContrast">#C90C00</color>
    <color name="md_theme_onPrimaryContainer_mediumContrast">#FFFFFF</color>
    <color name="md_theme_secondary_mediumContrast">#343637</color>
    <color name="md_theme_onSecondary_mediumContrast">#FFFFFF</color>
    <color name="md_theme_secondaryContainer_mediumContrast">#6C6D6D</color>
    <color name="md_theme_onSecondaryContainer_mediumContrast">#FFFFFF</color>
    <color name="md_theme_tertiary_mediumContrast">#353637</color>
    <color name="md_theme_onTertiary_mediumContrast">#FFFFFF</color>
    <color name="md_theme_tertiaryContainer_mediumContrast">#6C6D6D</color>
    <color name="md_theme_onTertiaryContainer_mediumContrast">#FFFFFF</color>
    <color name="md_theme_error_mediumContrast">#4C0002</color>
    <color name="md_theme_onError_mediumContrast">#FFFFFF</color>
    <color name="md_theme_errorContainer_mediumContrast">#750006</color>
    <color name="md_theme_onErrorContainer_mediumContrast">#FFB5AC</color>
    <color name="md_theme_background_mediumContrast">#FFF8F6</color>
    <color name="md_theme_onBackground_mediumContrast">#291714</color>
    <color name="md_theme_surface_mediumContrast">#FFF8F6</color>
    <color name="md_theme_onSurface_mediumContrast">#1D0D0A</color>
    <color name="md_theme_surfaceVariant_mediumContrast">#FFDAD4</color>
    <color name="md_theme_onSurfaceVariant_mediumContrast">#4B2F2A</color>
    <color name="md_theme_outline_mediumContrast">#6A4B45</color>
    <color name="md_theme_outlineVariant_mediumContrast">#87655F</color>
    <color name="md_theme_scrim_mediumContrast">#000000</color>
    <color name="md_theme_inverseSurface_mediumContrast">#402B28</color>
    <color name="md_theme_inverseOnSurface_mediumContrast">#FFEDEA</color>
    <color name="md_theme_inversePrimary_mediumContrast">#FFB4A7</color>
    <color name="md_theme_primaryFixed_mediumContrast">#D71C0A</color>
    <color name="md_theme_onPrimaryFixed_mediumContrast">#FFFFFF</color>
    <color name="md_theme_primaryFixedDim_mediumContrast">#AC0900</color>
    <color name="md_theme_onPrimaryFixedVariant_mediumContrast">#FFFFFF</color>
    <color name="md_theme_secondaryFixed_mediumContrast">#6C6D6D</color>
    <color name="md_theme_onSecondaryFixed_mediumContrast">#FFFFFF</color>
    <color name="md_theme_secondaryFixedDim_mediumContrast">#535555</color>
    <color name="md_theme_onSecondaryFixedVariant_mediumContrast">#FFFFFF</color>
    <color name="md_theme_tertiaryFixed_mediumContrast">#6C6D6D</color>
    <color name="md_theme_onTertiaryFixed_mediumContrast">#FFFFFF</color>
    <color name="md_theme_tertiaryFixedDim_mediumContrast">#545555</color>
    <color name="md_theme_onTertiaryFixedVariant_mediumContrast">#FFFFFF</color>
    <color name="md_theme_surfaceDim_mediumContrast">#DFBFBA</color>
    <color name="md_theme_surfaceBright_mediumContrast">#FFF8F6</color>
    <color name="md_theme_surfaceContainerLowest_mediumContrast">#FFFFFF</color>
    <color name="md_theme_surfaceContainerLow_mediumContrast">#FFF0EE</color>
    <color name="md_theme_surfaceContainer_mediumContrast">#FFE2DD</color>
    <color name="md_theme_surfaceContainerHigh_mediumContrast">#F7D5D0</color>
    <color name="md_theme_surfaceContainerHighest_mediumContrast">#EBCAC5</color>
    <color name="md_theme_primary_highContrast">#600300</color>
    <color name="md_theme_onPrimary_highContrast">#FFFFFF</color>
    <color name="md_theme_primaryContainer_highContrast">#960700</color>
    <color name="md_theme_onPrimaryContainer_highContrast">#FFFFFF</color>
    <color name="md_theme_secondary_highContrast">#2A2C2D</color>
    <color name="md_theme_onSecondary_highContrast">#FFFFFF</color>
    <color name="md_theme_secondaryContainer_highContrast">#48494A</color>
    <color name="md_theme_onSecondaryContainer_highContrast">#FFFFFF</color>
    <color name="md_theme_tertiary_highContrast">#2B2C2D</color>
    <color name="md_theme_onTertiary_highContrast">#FFFFFF</color>
    <color name="md_theme_tertiaryContainer_highContrast">#48494A</color>
    <color name="md_theme_onTertiaryContainer_highContrast">#FFFFFF</color>
    <color name="md_theme_error_highContrast">#4C0002</color>
    <color name="md_theme_onError_highContrast">#FFFFFF</color>
    <color name="md_theme_errorContainer_highContrast">#750006</color>
    <color name="md_theme_onErrorContainer_highContrast">#FFF4F3</color>
    <color name="md_theme_background_highContrast">#FFF8F6</color>
    <color name="md_theme_onBackground_highContrast">#291714</color>
    <color name="md_theme_surface_highContrast">#FFF8F6</color>
    <color name="md_theme_onSurface_highContrast">#000000</color>
    <color name="md_theme_surfaceVariant_highContrast">#FFDAD4</color>
    <color name="md_theme_onSurfaceVariant_highContrast">#000000</color>
    <color name="md_theme_outline_highContrast">#3F2521</color>
    <color name="md_theme_outlineVariant_highContrast">#60423D</color>
    <color name="md_theme_scrim_highContrast">#000000</color>
    <color name="md_theme_inverseSurface_highContrast">#402B28</color>
    <color name="md_theme_inverseOnSurface_highContrast">#FFFFFF</color>
    <color name="md_theme_inversePrimary_highContrast">#FFB4A7</color>
    <color name="md_theme_primaryFixed_highContrast">#960700</color>
    <color name="md_theme_onPrimaryFixed_highContrast">#FFFFFF</color>
    <color name="md_theme_primaryFixedDim_highContrast">#6C0300</color>
    <color name="md_theme_onPrimaryFixedVariant_highContrast">#FFFFFF</color>
    <color name="md_theme_secondaryFixed_highContrast">#48494A</color>
    <color name="md_theme_onSecondaryFixed_highContrast">#FFFFFF</color>
    <color name="md_theme_secondaryFixedDim_highContrast">#313333</color>
    <color name="md_theme_onSecondaryFixedVariant_highContrast">#FFFFFF</color>
    <color name="md_theme_tertiaryFixed_highContrast">#48494A</color>
    <color name="md_theme_onTertiaryFixed_highContrast">#FFFFFF</color>
    <color name="md_theme_tertiaryFixedDim_highContrast">#313333</color>
    <color name="md_theme_onTertiaryFixedVariant_highContrast">#FFFFFF</color>
    <color name="md_theme_surfaceDim_highContrast">#D1B2AC</color>
    <color name="md_theme_surfaceBright_highContrast">#FFF8F6</color>
    <color name="md_theme_surfaceContainerLowest_highContrast">#FFFFFF</color>
    <color name="md_theme_surfaceContainerLow_highContrast">#FFEDEA</color>
    <color name="md_theme_surfaceContainer_highContrast">#FDDBD5</color>
    <color name="md_theme_surfaceContainerHigh_highContrast">#EECDC7</color>
    <color name="md_theme_surfaceContainerHighest_highContrast">#DFBFBA</color>
</resources>
